X,Y,Z
-2.012176731,-0.664416516,6.01619342
-2.117588995,-0.151878826,6.418662988
-2.220833092,0.350116756,6.812854379
-2.322170489,0.842841547,7.199765892
-2.423816488,1.337066824,7.58785566
-2.528262357,1.8448755,7.986590814
-2.628478482,2.329540335,8.365991756
-2.717066565,2.738922286,8.680059459
-2.771252681,2.919838838,8.7999578
-2.774444069,2.695034184,8.574305356
-2.740604794,1.954352632,7.890771647
-2.671673553,0.610862582,6.660406124
-2.529907751,-1.219450006,5.008905458
-2.299704048,-3.149190702,3.315215421
-1.965288533,-5.267088222,1.516884208
-1.626041854,-7.119422809,0.007659738
-1.333528564,-8.622964758,-1.136888637
-1.088920757,-9.874063881,-2.009177022
-0.892800702,-10.81861926,-2.639599871
-0.779922776,-11.14472762,-2.863956361
-0.777148186,-10.67665563,-2.512890733
-0.894574084,-9.34383846,-1.434475892
-1.081964218,-7.527823895,0.134496389
-1.299994246,-5.515430443,1.963673719
-1.524422325,-3.520093067,3.817253931
-1.723079706,-1.739113417,5.413362045
-1.887485414,-0.309853501,6.612412039
-2.040035227,0.823819742,7.551910565
-2.173376779,1.706175595,8.298355983
-2.262786532,2.31292174,8.76985581
-2.316265345,2.703925448,9.011386059
-2.350579374,2.989292805,9.177010543
-2.376008824,3.187083727,9.32077003
-2.409340573,3.272865655,9.388381625
-2.46230946,3.185537641,9.27811315
-2.525417668,2.81307385,8.871481426
-2.548198668,2.131167862,8.169724489
-2.490211952,0.978944345,7.039921247
-2.375988922,-0.548330074,5.632571645
-2.259236997,-2.278609915,4.127104208
-2.105327662,-4.119702629,2.56425091
-1.864504292,-5.919887053,1.038534823
-1.579797194,-7.493532018,-0.288986718
-1.333291349,-8.719317704,-1.294615102
-1.171894464,-9.424252093,-1.815553817
-1.141665254,-9.2732919,-1.574322259
-1.22393575,-8.198354953,-0.532734267
-1.362114646,-6.378807294,1.131212767
-1.514265962,-4.23067233,3.039601916
-1.664843907,-2.291048651,4.714047624
-1.824230144,-0.68827628,6.036334652
-1.992182545,0.585974902,7.044946999
-2.144825088,1.560739272,7.824056804
-2.247326634,2.232307847,8.363439539
-2.309781061,2.717332496,8.723635501
-2.348262531,3.066514209,8.978407564
-2.379797006,3.315457679,9.189226026
-2.413694278,3.471720683,9.331918761
-2.439848551,3.506821382,9.341567757
-2.418124073,3.327438825,9.121044801
-2.332771101,2.800763901,8.560422042
-2.196176491,1.67445303,7.438102921
-2.043779106,0.097216718,5.934296875
-1.84166654,-1.728827348,4.257236487
-1.559344687,-3.615657944,2.595495714
-1.223513452,-5.443783147,1.059408793
-0.940192745,-7.093013044,-0.259797655
-0.752889842,-8.677059864,-1.474655351
-0.653136647,-9.972057198,-2.437834798
-0.601690002,-10.61731934,-2.875323958
-0.612364584,-10.35060689,-2.55125167
-0.72694788,-9.079862333,-1.370179887
-0.924845917,-7.145045535,0.37506715
-1.141976831,-4.970389524,2.318970213
-1.341842534,-2.835414752,4.221146394
-1.543245749,-0.867796572,5.986672904
-1.751689429,0.641138853,7.353112901
-1.945910263,1.721877676,8.296855229
-2.079726941,2.480713752,8.884141227
-2.140072888,2.999132543,9.240844001
-2.172218247,3.375412885,9.494141007
-2.208835677,3.628660626,9.659029571
-2.251070559,3.763249288,9.732966024
-2.283110764,3.752318464,9.687216833
-2.31318446,3.474185056,9.386960083
-2.327638806,2.794814142,8.699058372
-2.289806473,1.647322179,7.556372513
-2.182339544,-0.025819496,5.936516227
-2.012196361,-2.16042327,3.964985851
-1.79701771,-4.267489244,2.092342727
-1.514377122,-6.405770582,0.235049809
-1.254176878,-8.236501152,-1.290097623
-1.081429999,-9.652200428,-2.381347769
-0.989374172,-10.50816986,-2.974717649
-0.954318112,-10.44614892,-2.81861046
-0.973423839,-9.224267758,-1.702814427
-1.069864354,-7.25899511,0.049595742
-1.245265636,-5.077434569,2.013344673
-1.452868904,-2.937035756,3.960123682
-1.64584428,-1.03007821,5.695618339
-1.831532168,0.48041334,7.05966025
-2.009347202,1.604660746,8.02765467
-2.120093601,2.363556823,8.601271478
-2.158991474,2.908069379,8.969075861
-2.173400505,3.312015004,9.241967479
-2.205295238,3.586162849,9.428205473
-2.250460469,3.758229269,9.547446871
-2.291399248,3.892096528,9.65183684
-2.325871789,3.969348536,9.707126049
-2.346307502,3.861988525,9.57847718
-2.346099547,3.406455417,9.107587429
-2.314945998,2.403684036,8.119437436
-2.245016469,0.839576605,6.631516221
-2.126766342,-1.086866426,4.869593963
-1.924469287,-3.379329045,2.862848604
-1.686832909,-5.495357461,1.074596494
-1.461525816,-7.41353298,-0.510624392
-1.274753192,-9.056661531,-1.839342652
-1.127575544,-10.28214153,-2.798825528
-1.03768139,-10.84510163,-3.203377151
-1.013052528,-10.63279329,-2.974321695
-1.053748702,-9.571884389,-2.039188977
-1.156710138,-7.785107716,-0.461451958
-1.310595423,-5.752771909,1.367524734
-1.494521375,-3.700171912,3.222770207
-1.661457464,-1.837990023,4.867902332
-1.799862566,-0.317618051,6.184874693
-1.941305681,0.881056302,7.237457763
-2.080146954,1.790900934,8.025536651
-2.172935325,2.421853507,8.514857243
-2.217714619,2.864610374,8.826173718
-2.243792067,3.191758318,9.058068399
-2.268953393,3.401654624,9.204941873
-2.294889135,3.540599898,9.303112157
-2.318263536,3.626068263,9.365873863
-2.347223526,3.580664069,9.307550272
-2.388647403,3.268689323,9.009948119
-2.440777733,2.407049919,8.215131256
-2.455123764,0.908347675,6.8355595
-2.394104256,-1.03678611,5.065215355
-2.242828784,-3.251436951,3.102825099
-2.005923,-5.570819651,1.109346668
-1.737045441,-7.757679318,-0.712722981
-1.486905424,-9.698415233,-2.273776747
-1.282378967,-11.243632,-3.463448573
-1.142000137,-12.20415078,-4.136115424
-1.105723504,-12.21519203,-4.011640294
-1.167947746,-11.17594411,-3.018486377
-1.292749371,-9.24317209,-1.29787008
-1.429814463,-7.019996197,0.63598031
-1.576381257,-4.858751037,2.512811461
-1.732100593,-2.90034947,4.227022088
-1.870252701,-1.165998645,5.748625896
-1.978503761,0.259751365,7.002063622
-2.087129871,1.425184021,8.01828165
-2.184089955,2.239504764,8.682518773
-2.248189966,2.777056374,9.077190671
-2.283071133,3.164744173,9.356087227
-2.306495988,3.456335645,9.561815619
-2.331639386,3.639060721,9.67513765
-2.360784597,3.761473003,9.744463943
-2.389098464,3.813449446,9.759948781
-2.422175883,3.675565165,9.603691519
-2.466825777,3.214152108,9.164796834
-2.498561284,2.291784542,8.312335271
-2.476716988,0.793216876,6.906297737
-2.390035219,-1.134498952,5.097435612
-2.235836665,-3.36070842,3.055988196
-2.016616964,-5.540499964,1.108009474
-1.763694373,-7.498416729,-0.593220641
-1.519870259,-9.211590877,-2.008558392
-1.317470169,-10.658621,-3.122719543
-1.190256644,-11.69981697,-3.87528363
-1.133037658,-12.22636612,-4.217816535
-1.12120783,-11.99926202,-3.957501972
-1.144865601,-10.80021898,-2.905114243
-1.221512531,-8.934771002,-1.294368247
-1.363437882,-6.82291049,0.555193466
-1.542762131,-4.716917327,2.437779146
-1.69970792,-2.839566724,4.123286763
-1.832497845,-1.182320558,5.602589913
-1.969308138,0.225365397,6.870141557
-2.106078348,1.32052139,7.857284133
-2.200173015,2.105911486,8.516635192
-2.248753485,2.722914789,8.965002587
-2.274971064,3.127577186,9.224148641
-2.303429027,3.391518978,9.383446683
-2.334440125,3.582100628,9.499193023
-2.366359104,3.718271703,9.57898218
-2.398067567,3.767497675,9.583558511
-2.429924082,3.668137508,9.450623857
-2.450760569,3.25319788,9.022064078
-2.431757896,2.339822391,8.115611408
-2.35769774,0.854208426,6.68141901
-2.229018657,-1.109296657,4.871551704
-2.042609811,-3.281549824,2.9771412
-1.81267176,-5.337309707,1.268076386
-1.573630269,-7.249108833,-0.269105187
-1.362729567,-8.978899962,-1.660067551
-1.191186662,-10.35826725,-2.809586406
-1.069962291,-11.12440129,-3.46505559
-1.011061401,-11.03385064,-3.368210694
-1.049322895,-9.886011579,-2.343310403
-1.165408309,-8.004944978,-0.677450855
-1.317582485,-5.833019057,1.252988756
-1.459886732,-3.630042028,3.222533844
-1.580592476,-1.678591774,4.976979254
-1.720837955,-0.048154679,6.450443123
-1.891291839,1.234498438,7.585697913
-2.023984805,2.073972885,8.261605158
-2.097673485,2.661325522,8.679283727
-2.135016074,3.085729379,8.964672847
-2.168392601,3.358044189,9.144296441
-2.21256433,3.534288398,9.265296854
-2.262394027,3.646523984,9.359615356
-2.314083628,3.685005692,9.399441368
-2.374365779,3.649377292,9.373789165
-2.441819295,3.573363417,9.323222199
-2.508863913,3.490170447,9.279211844
-2.570971628,3.374139857,9.185162986
-2.622117617,3.079370175,8.879941882
-2.625260675,2.34047988,8.111710804
-2.539713632,0.933476676,6.685347551
-2.363690912,-0.92851633,4.821071813
-2.099024971,-3.027493038,2.732962557
-1.77837198,-5.087739034,0.723752554
-1.449988739,-6.923862618,-1.019536444
-1.153502279,-8.392772103,-2.388600623
-0.957409943,-9.169492203,-3.069915202
-0.927738816,-8.785458019,-2.612852651
-1.048784111,-7.288304636,-1.103402269
-1.299208093,-4.958205534,1.16866022
-1.573501926,-2.721412226,3.301730201
-1.824561841,-0.805571485,5.090023686
-2.053790774,0.74535804,6.49369811
-2.23640882,1.895036889,7.442289566
-2.322667869,2.63251443,7.939386472
-2.359196954,3.219303016,8.26281158
-2.397782813,3.576688784,8.465775095
-2.454691166,3.807147225,8.636085364
-2.515244983,3.986218258,8.805590528
-2.573603689,4.121388016,8.943973449
-2.622167038,4.196419744,9.021095298
-2.657384977,4.239447215,9.076158407
-2.687342806,4.273157139,9.136159913
-2.714455661,4.258039316,9.135095833
-2.737466098,4.09090635,8.961601975
-2.745356234,3.601839297,8.476424714
-2.71691456,2.580622779,7.503457937
-2.618848348,1.031483969,6.04277627
-2.423106836,-0.902725939,4.236088102
-2.112400041,-2.97484884,2.313462751
-1.706574615,-4.951682841,0.444520621
-1.305103277,-6.696458082,-1.227095131
-0.975867563,-8.310684525,-2.673994151
-0.77085037,-9.557461419,-3.631305861
-0.673177385,-10.19723667,-4.002983209
-0.671966027,-10.02494597,-3.702467612
-0.795793546,-8.889989644,-2.566026753
-1.022141363,-7.180122528,-0.89549096
-1.318330196,-5.146215621,1.094638954
-1.628353665,-3.056567944,3.136306506
-1.898610954,-1.242658343,4.906377581
-2.134090168,0.326969152,6.423528812
-2.312964404,1.580724204,7.568415393
-2.423176904,2.475504401,8.277128019
-2.487278295,3.05710691,8.671249676
-2.540004351,3.47916222,8.956561093
-2.589298202,3.742677737,9.138889981
-2.643041304,3.893404181,9.226467722
-2.694868597,3.985425948,9.261479013
-2.736083218,4.071876462,9.295857528
-2.749920931,4.127318518,9.308758156
-2.738890794,4.103930037,9.247252423
-2.720662199,3.911030699,9.027220403
-2.709305474,3.341124283,8.469180684
-2.69291632,2.252827215,7.445478638
-2.637463805,0.62788633,5.938913755
-2.510514948,-1.396789185,4.102757112
-2.300707805,-3.463849724,2.277053808
-2.014530437,-5.459830113,0.541775921
-1.705084445,-7.275028275,-1.011383124
-1.460400127,-8.664585724,-2.155976953
-1.334829549,-9.365448968,-2.668178667
-1.360463355,-9.082314024,-2.260376524
-1.533958765,-7.63158099,-0.779049103
-1.750841208,-5.452623981,1.305713209
-1.93358778,-3.103464187,3.423117816
-2.093596545,-1.012835116,5.235591504
-2.260872571,0.525097572,6.561576547
-2.417833167,1.623056662,7.473236188
-2.521391716,2.400172398,8.04241004
-2.572580355,2.93180937,8.36907719
-2.606855693,3.326501704,8.573903218
-2.638044757,3.621976524,8.7195305
-2.663938422,3.83357902,8.8377866
-2.679566529,3.939910153,8.881270543
-2.688383279,3.876392701,8.761650064
-2.689852495,3.470884692,8.325892319
-2.66306423,2.523962992,7.406561352
-2.576858987,0.97996101,5.96547191
-2.404616779,-1.144419685,4.057990604
-2.151517497,-3.502785359,2.026400596
-1.827738821,-5.917770161,0.018590064
-1.45850366,-8.328861608,-1.921293154
-1.086564158,-10.6971394,-3.764969794
-0.776206458,-12.71954042,-5.297561934
-0.463588686,-14.74438263,-6.785207042
-0.223538743,-16.19519334,-7.792434687
-0.145744104,-16.50992178,-7.917072394
-0.254050958,-15.52724047,-7.053857632
-0.48962178,-13.56458043,-5.442459325
-0.749403567,-11.29018336,-3.56512831
-1.001732237,-9.099357254,-1.684223767
-1.274632551,-7.003854322,0.200720115
-1.528229784,-5.192327797,1.847009408
-1.742390104,-3.490778725,3.331676017
-1.907160276,-1.950268318,4.622490466
-2.058257434,-0.53074292,5.829091014
-2.200810008,0.657349935,6.880265888
-2.32356594,1.607210617,7.701526494
-2.419520932,2.308670816,8.239184534
-2.497433363,2.797167266,8.571761244
-2.556875528,3.120006046,8.794357366
-2.603104631,3.319492948,8.914794058
-2.652402386,3.277501093,8.806613403
-2.703686222,2.783439356,8.275884703
-2.717702247,1.632446163,7.125996774
-2.642253372,-0.233072591,5.316048808
-2.462867637,-2.339588203,3.327614863
-2.175460952,-4.4956264,1.341562068
-1.828704566,-6.575158733,-0.514978419
-1.554577305,-8.321067465,-1.981282206
-1.381672853,-9.652103083,-2.992015165
-1.296179838,-10.24962085,-3.319730384
-1.295205416,-9.772852795,-2.730972213
-1.379342643,-8.297244193,-1.329914022
-1.536488208,-6.149884182,0.626139447
-1.722942342,-3.842397793,2.704801362
-1.899442608,-1.766844205,4.558483496
-2.076928805,-0.073436233,6.05158378
-2.272979,1.215532882,7.143345424
-2.432231704,2.075719616,7.791933196
-2.511844167,2.649507805,8.165454068
-2.530182389,3.061573587,8.421321197
-2.531269839,3.374579769,8.621778095
-2.54050278,3.593895981,8.773014239
-2.556706045,3.745584978,8.887015073
-2.569984402,3.764803592,8.874745297
-2.580726711,3.511517219,8.586443951
-2.587716053,2.815040293,7.870205867
-2.564111137,1.492429752,6.575534902
-2.476718528,-0.453438313,4.744618149
-2.316389323,-2.658867813,2.755050721
-2.068808787,-4.900528898,0.793186539
-1.754378444,-6.964045798,-0.995574398
-1.449741834,-8.691600898,-2.468389431
-1.21112702,-10.0567935,-3.566812251
-1.094998814,-10.83651305,-4.101643058
-1.133853378,-10.73217841,-3.859320522
-1.306976763,-9.568292803,-2.68980581
-1.511329723,-7.589771741,-0.870221055
-1.664737166,-5.313741716,1.112785723
-1.769357321,-3.084691096,2.991888266
-1.861321738,-1.098751171,4.659322792
-1.954453234,0.531758469,6.028058571
-2.023516387,1.764279527,7.010009658
-2.078824053,2.656012294,7.673261602
-2.161310295,3.222217471,8.106934962
-2.270209924,3.548821869,8.395683449
-2.343753895,3.723857031,8.565308826
-2.40806985,3.920368147,8.75803244
-2.440406331,4.065149513,8.88940065
-2.466450565,4.144335158,8.947053605
-2.494361305,4.123727873,8.90332107
-2.516382662,3.874863288,8.62829811
-2.524328611,3.243081917,7.98466676
-2.495248415,2.127088949,6.907245119
-2.379817957,0.405219408,5.311201584
-2.187018269,-1.583358029,3.543265942
-1.945385423,-3.694563718,1.745985584
-1.678658275,-5.799329029,0.027095013
-1.439364349,-7.655672383,-1.426136939
-1.227575996,-9.378277165,-2.708094878
-1.046526085,-10.7501504,-3.680427226
-0.933126238,-11.48333079,-4.170392929
-0.935006242,-11.54612503,-4.144705982
-1.056097159,-10.8831215,-3.521533562
-1.243424808,-9.402747151,-2.201555503
-1.436560094,-7.383642858,-0.405427384
-1.63138873,-5.209365633,1.544615465
-1.826464472,-3.160066417,3.37973819
-2.009133555,-1.353126,4.979305963
-2.170529884,0.094378785,6.26149875
-2.318737772,1.27205331,7.291777808
-2.426386827,2.125822341,7.956808887
-2.486554687,2.68381159,8.294991732
-2.519755068,3.075674959,8.499845938
-2.541241548,3.381188843,8.679527147
-2.560017606,3.591409488,8.809151058
-2.580453264,3.716427311,8.878518869
-2.599887817,3.785541124,8.910623341
-2.615569732,3.798234429,8.89608632
-2.626893435,3.752827495,8.814727131
-2.634672451,3.626904675,8.647868807
-2.649564332,3.312685027,8.322620438
-2.67161424,2.614426983,7.655105948
-2.651208976,1.324291017,6.412324528
-2.521107027,-0.394523979,4.75902667
-2.288213739,-2.253091881,3.045290471
-1.982423216,-4.177890273,1.368232129
-1.635133426,-6.113465305,-0.247493754
-1.313857497,-7.889663123,-1.680058367
-1.069075806,-9.391971726,-2.852043583
-0.899842461,-10.55334598,-3.741857612
-0.812586218,-11.14574265,-4.180483645
-0.806362834,-11.1118738,-4.093689965
-0.884514947,-10.38466596,-3.409885068
-1.033346011,-8.920756905,-2.084254111
-1.220235777,-6.91789284,-0.272914708
-1.425803141,-4.646357088,1.786862203
-1.634671529,-2.438134044,3.766154646
-1.852275813,-0.588714555,5.397035384
-2.085765614,0.723315031,6.577649967
-2.311432737,1.680355403,7.468808133
-2.451640721,2.357504774,8.061331134
-2.514990234,2.83088549,8.406064409
-2.561076462,3.157256944,8.613014283
-2.60977735,3.395393516,8.776333915
-2.647607536,3.569708791,8.910495145
-2.675009138,3.698070163,9.001786286
-2.692892449,3.78229836,9.04780537
-2.701287031,3.838030863,9.077563933
-2.704864453,3.827829148,9.047640344
-2.693690436,3.625422762,8.80603699
-2.636461267,3.089067434,8.195730457
-2.510119538,2.15301649,7.175508354
-2.317030359,0.679992682,5.663122387
-2.101884089,-1.218575529,3.858145335
-1.890434163,-3.257661295,2.06133326
-1.672279497,-5.289555056,0.358804728
-1.447869329,-7.27851657,-1.261905549
-1.24378091,-9.011897711,-2.629452816
-1.07580372,-10.33412998,-3.630760642
-0.975991174,-11.06421798,-4.144803371
-0.973475772,-10.89108441,-3.917612258
-1.052930033,-9.664419117,-2.811598437
-1.187307095,-7.641123733,-1.024173863
-1.355556961,-5.316656245,1.035358602
-1.52614931,-3.221281317,2.904865335
-1.713274082,-1.379885954,4.569860717
-1.931173413,0.202154538,6.021823537
-2.139038797,1.415401262,7.101357073
-2.276238594,2.182916563,7.700530333
-2.363202869,2.744533799,8.067471188
-2.407485223,3.13448302,8.319868055
-2.434656128,3.428487532,8.522985988
-2.456517864,3.640459809,8.660882039
-2.474542589,3.779529279,8.741117746
-2.489215189,3.815624694,8.747486304
-2.525770278,3.597590462,8.537236927
-2.60939762,2.838754875,7.852956381
-2.707550319,1.456170524,6.637343214
-2.744227871,-0.449951685,4.982764251
-2.644988053,-2.662731158,3.063243362
-2.417528773,-4.935073091,1.104133035
-2.15487911,-7.060295382,-0.669221825
-1.917039238,-8.951591748,-2.166556473
-1.72802273,-10.417602,-3.252644786
-1.621104827,-11.05827004,-3.635028321
-1.605275753,-10.63918704,-3.144242364
-1.679199714,-9.155795916,-1.775901381
-1.823221007,-7.088368394,0.052813011
-1.993053248,-4.874219985,1.970915066
-2.148746713,-2.750498462,3.790057222
-2.297701713,-0.851075353,5.420779908
-2.446275023,0.505931917,6.586611337
-2.599514098,1.567940224,7.461120706
-2.687272509,2.277301998,7.982303389
-2.718886697,2.755650307,8.29640005
-2.738602228,3.073731159,8.493641245
-2.759541768,3.287096202,8.623604006
-2.777363119,3.456880255,8.733542487
-2.793825086,3.588359766,8.819819455
-2.808825314,3.66313997,8.860975125
-2.816577931,3.644814398,8.82475587
-2.818791384,3.412016569,8.586273554
-2.807813849,2.739614585,7.915716392
-2.756796965,1.461642143,6.671756637
-2.648325238,-0.236406162,5.076760421
-2.472932247,-2.167809917,3.32256819
-2.220813582,-4.203231587,1.514001746
-1.913010232,-6.211975237,-0.229793431
-1.629873094,-7.950053612,-1.675311383
-1.416950948,-9.386011625,-2.791557075
-1.314040599,-10.22822584,-3.363692473
-1.319828689,-10.19075369,-3.179571592
-1.410744117,-9.16055397,-2.155322459
-1.565746207,-7.279789178,-0.435807567
-1.752776969,-5.118559303,1.481541914
-1.944272507,-3.047100961,3.306092055
-2.133839158,-1.151668917,4.979744217
-2.321108072,0.320645085,6.281161205
-2.493959824,1.37326739,7.187646018
-2.606668744,2.112146242,7.762148492
-2.654992677,2.643398493,8.120216665
-2.68185503,2.979885124,8.331704881
-2.712200663,3.235030584,8.492196764
-2.729166295,3.424727409,8.617064155
-2.737022171,3.57177241,8.716300648
-2.748383486,3.669991177,8.780394869
-2.762850247,3.732912484,8.827307324
-2.773193475,3.753283907,8.843472395
-2.775928058,3.596476412,8.671747841
-2.754651517,3.039552353,8.085226337
-2.680809918,1.839437099,6.87140976
-2.545591924,0.07390455,5.161012032
-2.346898166,-2.07411061,3.170872506
-2.085316585,-4.398731002,1.11237884
-1.798983034,-6.595026017,-0.750258001
-1.519003811,-8.647520054,-2.418522686
-1.286120232,-10.47291907,-3.827241714
-1.140170031,-11.73114424,-4.711503873
-1.099933539,-11.98182844,-4.75295121
-1.181723175,-11.00673495,-3.745511616
-1.36579169,-9.119604426,-2.004376022
-1.578112767,-6.862785375,0.003181993
-1.777480113,-4.610857407,1.974234627
-1.968335719,-2.52630455,3.781216474
-2.142598086,-0.900036765,5.172161089
-2.34927257,0.513355703,6.378060012
-2.551370812,1.55187835,7.255147109
-2.677064673,2.206905294,7.745607558
-2.732500318,2.651323395,8.018571966
-2.754014379,2.993728674,8.233723162
-2.768576374,3.260039953,8.431397302
-2.78270178,3.429512736,8.55979826
-2.792440371,3.535484336,8.630676708
-2.795609866,3.572163813,8.641770429
-2.801294048,3.409200521,8.461017072
-2.803484175,2.82125879,7.86787671
-2.767375792,1.589722236,6.662490603
-2.656967473,-0.196726495,4.966357523
-2.461967995,-2.327513967,3.015174195
-2.192026852,-4.608824949,1.004829404
-1.882714965,-6.92535893,-0.950789578
-1.604374052,-9.019550712,-2.637293324
-1.366829509,-10.86009968,-4.054076616
-1.181371278,-12.16551441,-4.989458087
-1.067998585,-12.44912953,-5.083115316
-1.041277464,-11.562375,-4.246732155
-1.145324039,-9.705199583,-2.620398134
-1.37318704,-7.43850375,-0.606558089
-1.633688832,-5.238521662,1.391989627
-1.883901079,-3.040869976,3.382420325
-2.0786834,-1.199753403,5.008121911
-2.256337906,0.276848368,6.287204987
-2.4309456,1.402071434,7.231280816
-2.562997856,2.189471542,7.809385322
-2.62767003,2.694067654,8.102764356
-2.661044093,3.049859687,8.30202971
-2.687660968,3.30217991,8.467945364
-2.71606889,3.479793914,8.589666566
-2.741381727,3.580259083,8.654529194
-2.75770648,3.634505338,8.682316327
-2.764512628,3.547378705,8.565302612
-2.766236175,3.097782894,8.090155882
-2.747850963,2.091198916,7.096223096
-2.667265971,0.476348179,5.567007249
-2.492914656,-1.511091302,3.751810471
-2.230483071,-3.586573016,1.924831145
-1.901473018,-5.654651757,0.162551831
-1.57821494,-7.508340104,-1.376621482
-1.305590391,-9.122953166,-2.671605976
-1.106869278,-10.404001,-3.641184088
-1.002166994,-11.14316077,-4.146861858
-0.998463121,-11.2273966,-4.118501093
-1.101486606,-10.392592,-3.324940722
-1.267573632,-8.630690998,-1.755322342
-1.44816321,-6.469923384,0.139543403
-1.631640585,-4.322777105,2.012051581
-1.78192364,-2.328566644,3.690308091
-1.88071255,-0.117416408,5.373951837
-1.949519133,1.299521491,6.388885673
-2.067333275,2.253841791,7.107241124
-2.224016483,2.870456692,7.620223105
-2.314514422,3.222961465,7.917160932
-2.374607761,3.526852789,8.172342083
-2.422093186,3.748575477,8.35721775
-2.464433872,3.888262253,8.470290019
-2.501538452,4.01408163,8.576070205
-2.521509733,4.147438519,8.684001323
-2.494415771,4.264736101,8.734979108
-2.406758149,4.317351612,8.661371547
-2.268864877,4.189380745,8.362032871
-2.101158873,3.72297301,7.755729297
-1.903798372,2.890403327,6.918359341
-1.693658125,1.703255633,5.928328274
-1.557391584,0.171318506,4.794412884
-1.501061597,-1.475940573,3.607893219
-1.327580304,-2.95726569,2.464943141
-0.879466677,-4.295801546,1.279612508
-0.399447365,-5.304340515,0.293835885
-0.101314351,-6.003950669,-0.402929661
0.001161402,-6.115908032,-0.578276611
-0.015336586,-5.32952025,-0.010910211
-0.106254969,-3.598731215,1.330175861
-0.245048613,-1.561162122,2.956228817
-0.42610341,0.458328928,4.618809443
-0.621823298,2.107970685,6.030886955
-0.836598067,3.410975175,7.182585629
-1.064972471,4.374771542,8.036936834
-1.246384158,5.020565688,8.582791289
-1.345641765,5.489535327,8.94127124
-1.392347355,5.853179994,9.186509719
-1.446531656,6.095752583,9.341788303
-1.524884338,6.223184127,9.443216321
-1.593452168,6.30208532,9.517439574
-1.614995418,6.318173549,9.498585589
-1.595963898,6.117189128,9.232674171
-1.558031679,5.477350493,8.534737203
-1.487551759,4.242719851,7.28597995
-1.361464455,2.508558863,5.619802243
-1.199219092,0.665998044,3.957432263
-0.970883008,-1.498754697,2.158164018
-0.706514859,-3.439807931,0.637734208
-0.401228701,-5.147307572,-0.709434683
-0.077849768,-6.609672138,-1.917388251
0.215816906,-7.702118901,-2.861595622
0.415309524,-8.118997819,-3.242718699
0.454617373,-7.454369507,-2.670073786
0.339537613,-5.607424231,-1.062629199
0.181256828,-3.276885064,0.9232844
0.049611085,-0.918064228,2.874796948
-0.08122519,1.206927798,4.615391478
-0.293945324,2.922230173,6.094692059
-0.58204419,4.145134042,7.241134727
-0.850918749,5.016230391,8.039129772
-1.02679065,5.651882959,8.521781024
-1.113721055,6.124040818,8.828776867
-1.158301124,6.499600882,9.073120852
-1.199632574,6.79046011,9.259366305
-1.276770786,6.935962319,9.395477155
-1.39136232,6.961556364,9.542145824
-1.491964175,6.95273476,9.694113041
-1.538441857,6.961735418,9.778517616
-1.546114925,6.948367368,9.748985446
-1.547611598,6.808641432,9.577323828
-1.564996666,6.387358009,9.15336656
-1.619001407,5.559086194,8.387099656
-1.702106308,4.276284304,7.254890832
-1.749489715,2.60436311,5.788318413
-1.677805721,0.800860222,4.173142597
-1.475734928,-0.985497531,2.551041375
-1.178164622,-2.75539139,0.937008163
-0.907648734,-4.051221547,-0.251094295
-0.671999013,-4.983028535,-1.059969852
-0.498860973,-5.484227681,-1.390882809
-0.372126377,-5.439651748,-1.189212352
-0.309954293,-4.602514013,-0.299513231
-0.323763324,-3.036316184,1.202795608
-0.406808904,-1.207331377,2.886931314
-0.537079449,0.69809591,4.608209976
-0.676998794,2.350414132,6.082148454
-0.848916571,3.714394655,7.291945762
-1.058790968,4.695725658,8.174064584
-1.246357559,5.350746976,8.748884549
-1.359254247,5.793719814,9.083522382
-1.395632256,6.105766223,9.240851826
-1.374185599,6.345428845,9.273754198
-1.320114056,6.55201816,9.25395012
-1.26919522,6.718326414,9.24657213
-1.244858623,6.822635617,9.281267006
-1.216810834,6.907398589,9.332508363
-1.156695249,6.963356175,9.316404179
-1.077277211,6.852823807,9.116007401
-0.987287985,6.424883481,8.645347427
-0.874678369,5.583455421,7.821382999
-0.760944473,4.457797156,6.769661979
-0.663856083,3.113317799,5.595868502
-0.561717054,1.671787384,4.403158007
-0.405455467,0.119697986,3.118884846
-0.204877316,-1.430675038,1.828440687
-0.000947842,-2.837351739,0.681134467
0.159110433,-3.869229954,-0.11009825
0.220456376,-4.063039017,-0.16598152
0.185063609,-3.159468774,0.711084184
0.066948282,-1.33689491,2.344544273
-0.128672139,0.815567194,4.242785518
-0.375245275,2.596072435,5.815387376
-0.657573521,3.87503396,6.970985832
-0.963704996,4.725402628,7.813816274
-1.269919771,5.259660511,8.466036469
-1.52562041,5.589452852,8.973006535
-1.726718811,5.813685335,9.383263871
-1.867946651,5.964641138,9.656370882
-1.949052966,6.109839308,9.771053621
-1.976192025,6.256916593,9.777980304
-1.952782616,6.289157323,9.73445471
-1.853147922,6.117615346,9.573842833
-1.65064911,5.725856682,9.146117489
-1.347431389,5.071580999,8.339310211
-0.953995583,4.17542358,7.187312099
-0.501911544,3.031076647,5.726534962
-0.1409672,1.631750139,4.159526502
0.033550866,-0.00836111,2.751523734
0.134662234,-1.695786633,1.595722799
0.300052424,-3.477722351,0.392275894
0.485698573,-5.206439451,-0.847992165
0.615341605,-6.595449135,-1.851499428
0.665942133,-7.233480168,-2.267618445
0.591122173,-6.713632162,-1.750660011
0.369737599,-5.168658484,-0.375475971
0.058995915,-3.182614546,1.416941611
-0.303439342,-1.088579786,3.390292275
-0.704893111,0.848625488,5.273614392
-1.095921579,2.281323782,6.628498335
-1.453987631,3.275233766,7.501317705
-1.746266533,3.999430562,8.138266576
-1.944856464,4.544358404,8.657989924
-2.076287651,4.960930446,9.055630507
-2.161212197,5.278427496,9.332454372
-2.209894307,5.520813295,9.52920105
-2.24160038,5.699082301,9.662535331
-2.271912219,5.836465802,9.742694115
-2.289674735,5.952017501,9.792814769
-2.287203425,6.066520012,9.840131339
-2.273549874,6.144086127,9.848729753
-2.256516832,6.09471337,9.724872082
-2.203239895,5.775991851,9.324574104
-2.068554366,5.01405138,8.486411713
-1.847647695,3.705784904,7.147069788
-1.582720809,2.047968717,5.538433055
-1.26785135,0.184286088,3.79956933
-0.878023457,-1.755333636,2.052360227
-0.45154824,-3.567205544,0.498050254
-0.110382913,-5.12121756,-0.731367922
0.103805846,-6.486448377,-1.739589111
0.243610651,-7.606349875,-2.574751336
0.330673003,-8.132582549,-2.974759634
0.319682091,-7.789489549,-2.648324771
0.199981111,-6.485580769,-1.497240907
0.046498458,-4.495295463,0.217002439
-0.099982155,-2.162218444,2.223673343
-0.279098144,0.181730828,4.304134399
-0.533676316,2.224114371,6.204722894
-0.827546895,3.684012676,7.594968981
-1.115244658,4.673846457,8.515546169
-1.347368076,5.376717715,9.122233682
-1.44996861,5.873939611,9.503495199
-1.448927178,6.272869349,9.764569129
-1.413313682,6.571992656,9.928572385
-1.398434382,6.787066388,10.04042938
-1.407243304,6.930672669,10.12286188
-1.42378663,7.021934186,10.16020751
-1.441994577,7.035679173,10.12460119
-1.453239932,6.918814167,9.967816795
-1.421908988,6.493084523,9.496424793
-1.302335754,5.504894169,8.434191763
-1.109195705,3.9535818,6.832115204
-0.873147857,2.010418983,4.946266695
-0.580670659,-0.107011269,3.016999553
-0.230829147,-2.233073145,1.173303195
0.08452911,-4.176037117,-0.442603062
0.329470128,-5.977455026,-1.883549674
0.507444975,-7.361832374,-2.967303115
0.610773219,-8.05241762,-3.494129371
0.581401304,-7.932245321,-3.338166011
0.388665751,-6.977253064,-2.44571283
0.125203645,-5.414764174,-1.025554852
-0.115818127,-3.487838241,0.693578869
-0.33573172,-1.393465408,2.543898524
-0.556231515,0.494323941,4.212806082
-0.762600028,2.065093714,5.598266084
-0.940494187,3.371166225,6.750770586
-1.096119765,4.372127841,7.654633198
-1.236490474,5.113064109,8.329964415
-1.347725416,5.630328099,8.762998155
-1.429390368,5.960612071,8.996365557
-1.491544332,6.178462436,9.137344238
-1.537888889,6.332856651,9.239264686
-1.572745706,6.440644282,9.304883232
-1.606927998,6.506400472,9.34010552
-1.648102162,6.5388859,9.368078958
-1.681732302,6.501850241,9.338592178
-1.672562745,6.234528562,9.047168074
-1.594845109,5.526696251,8.283604912
-1.454204505,4.239315487,6.978527455
-1.259728797,2.383224902,5.219846141
-1.02484377,0.314155197,3.370743403
-0.753639077,-1.779886909,1.585951872
-0.459726178,-3.817977416,-0.094353742
-0.164536664,-5.688697513,-1.616920686
0.095870695,-7.192352075,-2.841309571
0.293306442,-8.18906709,-3.669861582
0.389004669,-8.377121511,-3.874818517
0.37158057,-7.643909092,-3.344357878
0.234073758,-6.097808969,-2.103902891
-0.014895879,-3.999633692,-0.303967275
-0.284017271,-1.992326454,1.513706807
-0.559477178,0.038189634,3.409825929
-0.786438802,1.824080209,5.062991555
-0.957350812,3.190997054,6.299798734
-1.104617969,4.235703343,7.252888806
-1.222104872,4.999369216,7.944576723
-1.293767226,5.52822032,8.382223505
-1.328900751,5.887113605,8.65395674
-1.350992721,6.15972699,8.860368992
-1.373773492,6.371815492,9.011090223
-1.39881761,6.505407737,9.095109293
-1.42135123,6.588814083,9.144802354
-1.438226921,6.590409221,9.123058401
-1.445037681,6.391596087,8.900355962
-1.423805074,5.859025345,8.336226771
-1.354569058,4.884183631,7.33482015
-1.229279893,3.379479321,5.859021863
-1.049083924,1.530905562,4.143978733
-0.793644345,-0.519718398,2.328027673
-0.471295321,-2.595690096,0.550050655
-0.144482008,-4.489694299,-1.030854741
0.157297554,-6.210329764,-2.439915504
0.408089103,-7.585710447,-3.546759706
0.554449959,-8.093556128,-3.897819088
0.549148341,-7.367089644,-3.166493478
0.361206049,-5.352790507,-1.320656645
0.074200502,-2.871292736,0.892597893
-0.203406446,-0.510398614,2.979745182
-0.455692968,1.506299368,4.740778643
-0.722236641,3.06069999,6.067345818
-0.976076303,4.120730656,6.975872223
-1.171960076,4.903408775,7.668651484
-1.294160283,5.468736327,8.16466288
-1.366419591,5.79649877,8.445420608
-1.409834978,5.943909528,8.576825306
-1.438033935,5.965470042,8.593902214
-1.466194113,5.938397382,8.549813151
-1.483275631,5.976284576,8.549421658
-1.470160413,6.09021669,8.608129531
-1.407788081,6.083025943,8.546929316
-1.25249695,5.680387179,8.111302631
-1.00738911,4.728384331,7.169398379
-0.720676603,3.135930585,5.626694965
-0.405583206,1.190164146,3.70258532
-0.021894235,-0.831357449,1.695523046
0.401839327,-2.777598301,-0.118762985
0.802340367,-4.54652638,-1.617967856
1.100762785,-5.964568266,-2.776930602
1.268333159,-7.033025031,-3.680259841
1.293385294,-7.581646556,-4.158723033
1.178559973,-7.268264621,-3.854144543
0.942884977,-6.037742155,-2.701508676
0.641814528,-4.191156104,-0.991871562
0.322014976,-2.04385722,0.988225937
0.058484994,-0.074405188,2.811202099
-0.166170762,1.801168905,4.557394123
-0.364452648,3.361073952,6.014959237
-0.558874825,4.542909585,7.102190513
-0.734647058,5.37880642,7.8340943
-0.865357319,5.962641534,8.321544471
-0.942142387,6.355406829,8.645617551
-0.986394625,6.624902566,8.853630026
-1.00992143,6.813115215,8.976740792
-1.015117907,6.960792402,9.061485382
-1.015630151,7.071589169,9.121326797
-1.02673442,7.126611074,9.13879168
-1.043031043,7.041459687,9.030904908
-1.042792017,6.652093656,8.622358833
-1.005450367,5.775819302,7.721045406
-0.909975554,4.311760107,6.256077589
-0.749142481,2.467291053,4.493348669
-0.526328171,0.471983176,2.683235454
-0.226115133,-1.778476361,0.735072584
0.072434739,-3.830552892,-0.976865803
0.346471466,-5.671505356,-2.486756835
0.585229616,-7.248785479,-3.786289119
0.759594733,-8.323166097,-4.678596794
0.808676964,-8.54101621,-4.831318833
0.712708028,-7.736773726,-4.07867166
0.53781885,-6.137327476,-2.667927539
0.368406699,-4.185680866,-1.012538084
0.203789271,-2.215833246,0.653754026
0.005548748,-0.381611289,2.28929435
-0.194720235,1.207612791,3.788157363
-0.350934276,2.611879776,5.124696946
-0.479569246,3.854182781,6.304861528
-0.61353421,4.865143337,7.266204747
-0.737269593,5.553280331,7.889058866
-0.836839252,6.02398996,8.270926296
-0.909650104,6.369686205,8.533948525
-0.956262523,6.611669188,8.716306874
-0.985975567,6.769518402,8.822131065
-1.002854739,6.854067239,8.856732974
-1.009818456,6.849241271,8.813797882
-1.016107052,6.661161875,8.603946819
-1.025236146,6.114806798,8.043404425
-1.021865188,5.138064661,7.064871148
-0.972936985,3.746106911,5.709594716
-0.839726178,1.965071395,4.034337444
-0.600725267,-0.193683397,2.079031247
-0.335710477,-2.261608836,0.282099538
-0.046955699,-4.447676214,-1.542890475
0.231928418,-6.40206197,-3.148733474
0.475618706,-7.741520504,-4.261192384
0.66314248,-8.359052923,-4.768436537
0.745087583,-8.161553132,-4.562818098
0.697033707,-7.207619513,-3.706111156
0.548034147,-5.703077572,-2.383060608
0.337892662,-3.8215081,-0.712392402
0.090663521,-1.775403149,1.157160526
-0.152493102,0.147441363,2.951233289
-0.354573631,1.831852013,4.520957815
-0.523956199,3.325090447,5.90885285
-0.673382331,4.475254224,6.982206001
-0.797947154,5.282551091,7.706719007
-0.88034194,5.833962689,8.161037878
-0.927392256,6.233110845,8.488102249
-0.966930084,6.511067961,8.730451988
-1.016463118,6.698866967,8.878817491
-1.065591206,6.828846482,8.951753195
-1.095766505,6.936540575,9.003949248
-1.110729845,7.007874151,9.029656412
-1.121902239,6.95771916,8.938742709
-1.132480187,6.671173794,8.617779158
-1.128912237,6.027367597,7.947511788
-1.080720054,4.811405594,6.717677475
-0.963295397,3.144590239,5.080995393
-0.766330388,1.187028842,3.23120204
-0.488782133,-0.938228817,1.304926161
-0.163415496,-3.121417402,-0.584273973
0.126186863,-5.071077002,-2.177446364
0.354392966,-6.657093171,-3.398899586
0.495778863,-7.538868497,-4.027611991
0.517018419,-7.484402283,-3.868470215
0.395043863,-6.429446845,-2.855251037
0.192886741,-4.596568636,-1.192720099
-0.007878328,-2.42070961,0.731885866
-0.183954682,-0.291612716,2.6191693
-0.349221674,1.671909308,4.38469453
-0.52423596,3.353240331,5.902470823
-0.710276077,4.535714539,6.93882612
-0.879274937,5.278622978,7.54325015
-1.010018555,5.794533965,7.961649219
-1.094797195,6.183689407,8.314403008
-1.148049203,6.474704849,8.577247108
-1.184566684,6.670301299,8.723491277
-1.211930073,6.800385064,8.802450295
-1.229201139,6.910925394,8.871681056
-1.238750485,6.998604091,8.920480625
-1.248900108,6.996995925,8.881317756
-1.253952003,6.802484555,8.653549754
-1.232453979,6.251042073,8.066913778
-1.163616475,5.150105685,6.932063568
-1.045028103,3.533776923,5.326011547
-0.867408277,1.569127992,3.458543029
-0.607908922,-0.656255756,1.438248485
-0.307479504,-2.872974574,-0.483503464
-0.010346771,-4.954641046,-2.226248278
0.258640332,-6.691357834,-3.668216345
0.461021184,-7.748073638,-4.550363719
0.526775306,-7.783032272,-4.546538984
0.449132594,-6.770938257,-3.617885258
0.27326486,-4.894891283,-1.94701339
0.053111879,-2.620945658,0.077789344
-0.178383657,-0.487615551,2.033417848
-0.417446957,1.473685707,3.887147467
-0.642194473,3.1007645,5.441002155
-0.856227824,4.314592301,6.586980901
-1.042708742,5.136707236,7.311070625
-1.171701952,5.663046617,7.713715466
-1.256194614,6.042297832,7.996156114
-1.317393698,6.337717968,8.24405297
-1.35867491,6.558356409,8.429970828
-1.376731669,6.696352423,8.531665332
-1.379071594,6.79808399,8.597770091
-1.368597098,6.824729959,8.580939832
-1.345068242,6.610056987,8.310105606
-1.298777258,6.010123139,7.657413205
-1.19490668,4.928652619,6.535250969
-0.998006018,3.454588684,5.034298331
-0.701337354,1.738933372,3.316444142
-0.341658831,-0.178667834,1.475691238
0.021621348,-2.309143584,-0.428877751
0.330480633,-4.423997288,-2.197745716
0.571972833,-6.29705936,-3.692400471
0.742369921,-7.704711864,-4.785997164
0.828107334,-8.386049491,-5.28040408
0.822408802,-8.071112302,-4.910420253
0.762798273,-6.704299552,-3.615269673
0.66822873,-4.517971575,-1.642945942
0.522534767,-2.187848167,0.423050438
0.336304118,0.020491635,2.399797213
0.150068352,2.068810287,4.257669967
-0.027853298,3.79098496,5.822136524
-0.208997554,4.954971255,6.860722084
-0.411726669,5.780182286,7.549833545
-0.565400736,6.291461304,7.933454868
-0.663224035,6.657119085,8.199671995
-0.730073598,6.924082615,8.391077668
-0.786471888,7.100734196,8.510071121
-0.831312381,7.212338431,8.591525459
-0.870971315,7.317223984,8.683084029
-0.897226942,7.381626521,8.731557083
-0.911744561,7.344462572,8.667195775
-0.918296602,7.074145496,8.369268201
-0.91336253,6.353321909,7.629009718
-0.876215131,5.052204143,6.331418073
-0.789882763,3.30281933,4.657321674
-0.647774304,1.230279433,2.804295979
-0.442633394,-1.076179748,0.885640864
-0.186544486,-3.330745788,-0.92915017
0.094287332,-5.292266395,-2.543946526
0.375920836,-6.923719209,-3.946700315
0.583813218,-7.9676737,-4.857745981
0.669023313,-8.197740186,-5.014910808
0.615353675,-7.414149083,-4.229766784
0.459259271,-5.6984107,-2.629860441
0.282885892,-3.543316902,-0.706692493
0.132941659,-1.330792582,1.235265328
-0.004826214,0.969730523,3.24736502
-0.139579593,2.849648674,4.85308118
-0.292008352,4.247452294,5.979854293
-0.438099875,5.243796354,6.713707842
-0.540098092,5.939119334,7.18059377
-0.573501763,6.475568697,7.454751677
-0.472906217,7.010407012,7.519049973
-0.334125269,7.455037791,7.459510959
-0.344490106,7.648204673,7.428884727
-0.487713056,7.55232855,7.45379954
-0.616397215,7.365296164,7.552845622
-0.703769282,7.288117032,7.754322896
-0.767579086,7.331489034,7.981788119
-0.775579526,7.355759435,8.078461937
-0.716351662,7.142511189,7.882607482
-0.611672156,6.537085097,7.316356612
-0.468946998,5.465558213,6.341852629
-0.265506447,4.027007585,5.087506383
0.008606688,2.411508447,3.738160392
0.302895117,0.729170801,2.330029008
0.562637652,-0.957739555,0.835845035
0.757350797,-2.451389497,-0.554796719
0.888700134,-3.621487751,-1.677660234
0.943355565,-4.226897997,-2.309910638
0.920518481,-3.925413424,-2.138949327
0.860228333,-2.722172593,-1.140533409
0.784117071,-0.999432288,0.394485817
0.657511179,0.86910116,2.143474193
0.469773698,2.425947343,3.647478453
0.17630138,3.912414836,5.114586165
-0.16485672,4.984475112,6.15512859
-0.485640843,5.633506786,6.721056811
-0.760275435,6.027343176,7.048367798
-0.971412145,6.265844648,7.332154224
-1.098791566,6.382698114,7.566573889
-1.150029874,6.437565114,7.70036596
-1.150486645,6.512817943,7.781205006
-1.136093631,6.622044994,7.868302532
-1.130091348,6.720305432,7.950511583
-1.134086231,6.77464128,7.992042383
-1.13595067,6.817902056,8.010583514
-1.130330433,6.877737735,8.036162057
-1.126050527,6.896317825,8.018831141
-1.127229336,6.718247867,7.806495331
-1.11007068,6.171584873,7.232747344
-1.034432232,5.210227033,6.267495451
-0.867683814,3.754018351,4.852084949
-0.620837856,1.951294394,3.17231737
-0.319968323,0.023885145,1.469805285
0.003531692,-1.91600505,-0.152620155
0.290629354,-3.771317237,-1.632656674
0.521706849,-5.473227532,-2.933787761
0.717884657,-6.835492131,-3.94097249
0.878161728,-7.605538789,-4.485624749
0.9481143,-7.431007435,-4.304353166
0.915051232,-6.257326324,-3.32988671
0.767333819,-4.286758238,-1.658390884
0.510459783,-2.032740348,0.364472667
0.219063591,-0.002331322,2.277765117
-0.066197619,1.785100509,3.994678023
-0.331410564,3.177714583,5.345016647
-0.585162584,4.174908256,6.318353481
-0.803431971,4.860372424,6.962369579
-0.958509912,5.317370296,7.361005425
-1.049266439,5.627445597,7.63389144
-1.102795632,5.867553617,7.854510326
-1.138471565,6.052625977,8.00616961
-1.163825528,6.194252215,8.091025108
-1.186501739,6.312307416,8.157743876
-1.220767878,6.413142209,8.228012962
-1.257773837,6.471809163,8.26740169
-1.281382235,6.484186645,8.268031026
-1.295743979,6.449536603,8.231516493
-1.296211565,6.279943273,8.052787318
-1.262228736,5.810897742,7.535968776
-1.183376245,4.925129572,6.568528503
-1.04632387,3.479127292,5.066028475
-0.860789398,1.706618247,3.351460068
-0.621087463,-0.231155609,1.585123124
-0.323476382,-2.219018591,-0.157358762
0.010005284,-4.099016669,-1.752064537
0.31741148,-5.668429099,-3.03449774
0.590863222,-6.954926956,-4.063146098
0.838000373,-7.871906775,-4.8091821
1.015133757,-8.230154035,-5.103827517
1.072437845,-7.897937664,-4.789790585
1.010567257,-6.715061003,-3.737598765
0.88735803,-4.767064687,-2.044905966
0.736181197,-2.493079559,-0.046457149
0.554165352,-0.227675942,2.008689208
0.34676653,1.77546895,3.86679495
0.123693487,3.328314519,5.321551313
-0.095161197,4.463547373,6.386462731
-0.274628896,5.324654686,7.162838653
-0.390544483,5.925423227,7.652355786
-0.474543772,6.334306644,7.946286594
-0.540446555,6.627789112,8.13492512
-0.581707371,6.858977612,8.275059313
-0.604847063,7.01719263,8.366830821
-0.63939248,7.123100356,8.4228749
-0.688534626,7.162701178,8.444460631
-0.73566977,7.123519943,8.406872095
-0.769573573,6.854229041,8.130506461
-0.776668752,6.124599303,7.368755522
-0.735979582,4.788542104,5.997861906
-0.634624203,2.936892267,4.172006075
-0.463816186,0.744828498,2.119213365
-0.223165018,-1.511436248,0.103920159
0.066578322,-3.640159466,-1.734871624
0.365991677,-5.467677231,-3.292762345
0.64639506,-6.849835672,-4.468711572
0.861210501,-7.555344654,-5.029546743
0.98669035,-7.454374537,-4.830627262
1.020032337,-6.394909743,-3.761755881
0.970589677,-4.45524527,-1.936883632
0.828147716,-2.191683919,0.141447625
0.589422814,0.05044141,2.19140044
0.32130564,1.972320781,3.954424707
0.077079536,3.52997612,5.384994993
-0.138325259,4.730592277,6.466894298
-0.320172684,5.594116305,7.196529632
-0.448021629,6.155097278,7.631323653
-0.527528491,6.550180039,7.927509274
-0.571824344,6.853144271,8.150958162
-0.601668284,7.059462096,8.289282415
-0.629401014,7.194458586,8.368336403
-0.648845135,7.297026258,8.432637529
-0.660599352,7.365151472,8.475562799
-0.675187534,7.340046962,8.424830444
-0.697196566,7.129892724,8.182494294
-0.702769898,6.68630317,7.715769849
-0.663417851,5.912396056,6.91484449
-0.562850785,4.675590399,5.643202379
-0.395475684,2.914637431,3.889796204
-0.173700806,0.892770728,1.984299239
0.09285425,-1.19584577,0.135755856
0.382692282,-3.232865003,-1.564688235
0.662635036,-5.088120425,-3.038130092
0.872614718,-6.463548521,-4.089059498
0.99668704,-7.264410308,-4.667974962
1.014794506,-7.252809778,-4.557992653
0.913071294,-6.260542841,-3.587453193
0.714241016,-4.456920464,-1.907203709
0.46591261,-2.219840404,0.129938211
0.226832842,-0.045007111,2.085033602
0.009010559,1.872770222,3.798649719
-0.206417469,3.441351866,5.206885958
-0.425229573,4.598652738,6.262172274
-0.60454247,5.345599862,6.93266402
-0.719899327,5.846045384,7.350346107
-0.785998534,6.246129733,7.668568093
-0.823131554,6.548042176,7.904648579
-0.849479712,6.789902425,8.074904408
-0.868116548,6.946340402,8.164830114
-0.881034106,7.042076958,8.221111346
-0.889491224,7.122245417,8.284004333
-0.89853289,7.175189714,8.323129286
-0.911450395,7.129184801,8.252906764
-0.913059186,6.869419703,7.962594507
-0.879788484,6.242872068,7.302158989
-0.800634781,5.09112885,6.118142708
-0.675083789,3.466938519,4.485860609
-0.483124353,1.588717434,2.648739621
-0.196258821,-0.44268981,0.748119076
0.134208328,-2.340557787,-0.916342766
0.45701845,-4.074404294,-2.33324233
0.728485357,-5.638694414,-3.525646738
0.935240639,-6.98993157,-4.527863309
1.078658403,-7.921465439,-5.253815792
1.1211172,-8.241270434,-5.476831823
0.988764817,-7.62144163,-4.81051301
0.74651592,-6.072213671,-3.318226242
0.506858197,-3.940938111,-1.39699851
0.293299185,-1.617166728,0.632784634
0.097317269,0.514889754,2.508000533
-0.094156524,2.345245265,4.153176105
-0.319915656,3.896073098,5.576416806
-0.535669897,4.879705729,6.471755633
-0.710305684,5.505733378,7.003047035
-0.838324356,5.948146163,7.354951068
-0.934072126,6.292177231,7.635418125
-0.997928778,6.530026205,7.827547156
-1.03863889,6.689859989,7.94346449
-1.066201456,6.812378355,8.028065885
-1.086130326,6.916220505,8.102989916
-1.101111997,6.993314715,8.152001296
-1.111322242,7.042344297,8.175336041
-1.112209838,7.050078807,8.165786024
-1.094932655,6.897362582,7.987446935
-1.040124536,6.361853009,7.391920889
-0.92546077,5.251834479,6.207286358
-0.752230184,3.663792975,4.605211871
-0.524628705,1.779970073,2.80762993
-0.238585582,-0.304862751,0.906264
0.059834086,-2.318147694,-0.850190573
0.338156378,-4.208034266,-2.418256723
0.575229124,-5.896581968,-3.753228972
0.752899291,-7.151646426,-4.70434581
0.843881677,-7.70201337,-5.086718781
0.848188709,-7.510988403,-4.832039219
0.741918577,-6.40315133,-3.760039172
0.548895491,-4.604558387,-2.090578703
0.292754497,-2.486566499,-0.174434945
0.004537825,-0.372544165,1.730493855
-0.245938257,1.509051574,3.430419915
-0.439891402,3.109722345,4.864215497
-0.6176268,4.386620239,6.009258699
-0.766433357,5.181694763,6.718364939
-0.897954592,5.750883499,7.191279507
-0.986330546,6.112337675,7.466880087
-1.041572441,6.346446241,7.651782732
-1.074795781,6.456824462,7.741642226
-1.097026202,6.462146707,7.738245149
-1.108216208,6.461117993,7.73396829
-1.109080502,6.523722646,7.789990032
-1.108833521,6.642674894,7.882978703
-1.115658058,6.736653028,7.932014762
-1.113892108,6.556428765,7.69908849
-1.06307068,5.786973799,6.865498149
-0.958225425,4.629789157,5.658736734
-0.867752131,3.779202857,4.794096512
-0.613513821,1.747491419,2.80545482
-0.290468868,-0.43374561,0.790014064
0.073370773,-2.639793318,-1.137469376
0.412923083,-4.597416419,-2.769030196
0.703084661,-6.293149225,-4.13585796
0.933514435,-7.688910615,-5.243234483
1.090323437,-8.605977153,-5.96129347
1.132359436,-8.858557364,-6.108355581
1.00192908,-8.387283467,-5.578581341
0.723081002,-7.210494279,-4.411679054
0.414180807,-5.459475838,-2.791334826
0.138501273,-3.311366701,-0.868837124
-0.109863383,-1.088282923,1.12684394
-0.347031166,0.995022293,3.011610855
-0.582913117,2.851261676,4.680352649
-0.796476126,4.222390412,5.889146273
-0.95321189,5.092086403,6.610419423
-1.049658395,5.651606258,7.029206433
-1.107173478,6.028596253,7.304805616
-1.151700691,6.311221497,7.529571942
-1.185747879,6.497764986,7.673618049
-1.211623626,6.628550377,7.759866787
-1.228089963,6.739466385,7.831880585
-1.237805956,6.832190029,7.891731724
-1.245833532,6.892052441,7.920463225
-1.25053896,6.898597878,7.899284953
-1.243630878,6.757122067,7.729281405
-1.213240058,6.276951888,7.206639202
-1.139685078,5.281846725,6.166725827
-1.0010855,3.725067097,4.610216166
-0.792291239,1.84107378,2.811453652
-0.510588592,-0.252679859,0.902061112
-0.201961242,-2.347876898,-0.901879153
0.073521905,-4.132349076,-2.35848393
0.32732515,-5.568041162,-3.517487515
0.56306929,-6.616523147,-4.379056934
0.728361842,-7.103390813,-4.758039374
0.799175272,-6.908707078,-4.509372807
0.730615904,-5.826914407,-3.449450966
0.543118491,-4.1039322,-1.825641357
0.295250192,-2.150483905,-0.012396777
0.026755749,-0.21701272,1.77059733
-0.234704048,1.564883509,3.406019721
-0.453591191,2.981347692,4.710612525
-0.675057557,4.274083041,5.912915883
-0.848050754,5.160041796,6.714999778
-0.967924935,5.716983805,7.171574994
-1.051499959,6.093530761,7.451922028
-1.111464966,6.384079329,7.673350575
-1.155847114,6.602205589,7.844881375
-1.19119741,6.740892865,7.944799499
-1.216880869,6.833986439,8.002132239
-1.22884541,6.921903504,8.059856881
-1.233573464,7.000248453,8.110000671
-1.242069858,7.037890188,8.118662309
-1.251619214,6.959320631,8.009189782
-1.2413656,6.586593175,7.597388006
-1.183588079,5.728136358,6.68506036
-1.057888757,4.320741525,5.240721957
-0.855983203,2.446192047,3.409636247
-0.594597231,0.412146329,1.529603381
-0.277333246,-1.654444306,-0.295770238
0.082560647,-3.671462575,-2.012889339
0.4034765,-5.325429485,-3.377174479
0.674769361,-6.692094236,-4.487652976
0.88589222,-7.721771458,-5.335761781
0.991129016,-8.144017954,-5.677872802
0.964916492,-7.698788012,-5.242921234
0.818003524,-6.231949655,-3.890933855
0.594958083,-4.065239162,-1.918423195
0.31570313,-1.692760632,0.261409484
0.011411945,0.547925113,2.353274034
-0.268663891,2.461340418,4.129526663
-0.497672054,3.865071517,5.392279575
-0.691425354,4.860949677,6.261797629
-0.838826097,5.572972285,6.87184746
-0.936285479,6.079879544,7.285598873
-1.001372443,6.399547777,7.518169489
-1.050163218,6.621484983,7.662342838
-1.079849968,6.794812728,7.775186694
-1.100450466,6.924028282,7.852644047
-1.123820328,7.005823804,7.889020008
-1.146988103,7.062674943,7.913218863
-1.164486131,7.11214728,7.942352047
-1.182829648,7.12747076,7.938194139
-1.204013975,7.053517062,7.845053559
-1.204227986,6.820476399,7.592811287
-1.140619123,6.291454139,7.026249505
-0.982614133,5.263483384,5.939306897
-0.746452176,3.649325396,4.297618141
-0.487804304,1.775341703,2.487983881
-0.153256866,-0.523804897,0.381829981
0.197296664,-2.747099122,-1.55096428
0.492615707,-4.652621244,-3.109411602
0.710686709,-6.21976967,-4.315857824
0.861438225,-7.372228068,-5.173953953
0.919338251,-7.756287765,-5.406126775
0.84290392,-7.10373525,-4.734456617
0.646761424,-5.496322603,-3.224794616
0.384015186,-3.202668878,-1.124410365
0.131932677,-0.831107971,1.032362436
-0.099475475,1.36609838,3.029154564
-0.32770802,3.204638367,4.696914394
-0.544175052,4.471278434,5.832195555
-0.723060781,5.309855924,6.541766359
-0.843444371,5.885061124,6.981927839
-0.921098548,6.300324867,7.288889918
-0.979863163,6.586295688,7.497002706
-1.030752736,6.778119645,7.617644723
-1.068802225,6.898191912,7.686379527
-1.09462362,6.990753899,7.755020173
-1.113632489,7.071207736,7.817738547
-1.134485922,7.147549721,7.863395063
-1.150820097,7.198280054,7.888301563
-1.16171775,7.203811849,7.878197784
-1.162813412,7.029382135,7.68461944
-1.139213773,6.508912137,7.132588915
-1.059140426,5.529619553,6.116172318
-0.894298597,4.04698066,4.619226425
-0.648768827,2.161794336,2.794354536
-0.358032218,0.155124809,0.957003811
-0.0487122,-1.843946451,-0.765452643
0.253305639,-3.869663344,-2.415149112
0.486888112,-5.597324935,-3.76076849
0.662827133,-6.873551083,-4.703411174
0.76394936,-7.400923564,-5.013305755
0.752413003,-7.012180939,-4.555951954
0.631017681,-5.731023924,-3.329791529
0.435561721,-3.665068103,-1.428882223
0.210209253,-1.179293979,0.812257207
-0.016357201,1.112489879,2.860313825
-0.264273318,2.993344173,4.530511101
-0.465082364,4.078494075,5.478978361
-0.686976534,5.025757327,6.282456792
-0.838845576,5.674879548,6.815648771
-0.92903203,6.138021464,7.188280536
-0.981764815,6.426212593,7.414019737
-1.017472974,6.634864775,7.571031713
-1.038550082,6.803136554,7.689791383
-1.05164285,6.918346306,7.757708546
-1.065083566,6.992592166,7.794720702
-1.080186448,7.060541186,7.838569521
-1.094988915,7.13049151,7.88739635
-1.107821165,7.156781769,7.884361979
-1.11763287,7.050767923,7.738418689
-1.110652768,6.642535785,7.280930379
-1.051040784,5.794291229,6.351395326
-0.890572357,4.485847862,4.888571209
-0.625290399,2.791054429,3.011384808
-0.310165043,0.86447404,1.024496735
0.03226499,-1.094198315,-0.831529959
0.415928613,-2.938793837,-2.502358202
0.802412018,-4.52920583,-3.930725218
1.110599141,-5.66401059,-4.979812234
1.328100033,-6.297423578,-5.638685821
1.470914549,-6.324668872,-5.811603086
1.505627314,-5.578245035,-5.26767873
1.399048962,-4.047743001,-3.898877943
1.173963763,-1.889194491,-1.812558539
0.896483004,0.531464458,0.607319444
0.617033312,2.536482062,2.643832835
0.270522509,4.299984438,4.420411969
-0.040472599,5.48254677,5.537090866
-0.253276901,6.223134627,6.172118342
-0.389794354,6.740505447,6.607535819
-0.488278231,7.106535522,6.933054401
-0.580368312,7.350273614,7.162700826
-0.659479375,7.489797215,7.307976819
-0.725711245,7.595118604,7.433509939
-0.770864667,7.672082961,7.520864924
-0.797931794,7.719907837,7.555385099
-0.811485945,7.741557091,7.552733934
-0.811164435,7.678308416,7.463038001
-0.79119739,7.369205563,7.11198158
-0.743262914,6.632581471,6.324496475
-0.652548343,5.346516799,5.025721043
-0.502298525,3.545915581,3.309690416
-0.28166313,1.511855934,1.463977831
0.03583407,-0.676325186,-0.443340523
0.399916615,-2.750904599,-2.180352058
0.738834035,-4.62992727,-3.695724707
1.030419577,-6.324336484,-5.037890871
1.271254615,-7.73836221,-6.156579955
1.433854204,-8.674306423,-6.881401326
1.507682641,-9.035329315,-7.116506126
1.493963994,-8.618047728,-6.682592732
1.385167992,-7.358580333,-5.516027119
1.219724373,-5.475164312,-3.782543457
1.107836791,-3.203029269,-1.705019698
1.119997371,-0.841061517,0.457849466
1.134606216,1.200220644,2.398330074
0.999265039,2.855202931,4.047636551
0.724619579,4.076588641,5.244794647
0.420726829,4.943053013,6.003717968
0.155932578,5.559003508,6.462693925
-0.050184151,6.029206885,6.77650948
-0.192519102,6.376006185,6.999824467
-0.296971522,6.612696095,7.142926575
-0.385959857,6.769718974,7.23299832
-0.464810272,6.888860191,7.311574852
-0.524592197,6.978822245,7.379207238
-0.566709229,7.024246314,7.405543711
-0.596399262,7.001269277,7.362617878
-0.613863457,6.854634922,7.199941552
-0.607485161,6.432675199,6.756825931
-0.555684506,5.506208656,5.789146272
-0.436251409,3.987728863,4.210324142
-0.229364715,2.093132172,2.254969496
0.090487752,-0.046650269,0.103117517
0.475689738,-2.221119335,-1.936878498
0.840962865,-4.302510803,-3.698580698
1.148055566,-6.291559927,-5.239232818
1.374941485,-8.082753158,-6.549340638
1.491791973,-9.307880689,-7.389729709
1.521799789,-9.960320783,-7.75883413
1.461830366,-9.750873319,-7.433093226
1.314370173,-8.59865297,-6.288531859
1.089625442,-6.628173913,-4.395332981
0.820664598,-4.197099931,-2.123840247
0.540275251,-1.829223868,0.050027197
0.273294728,0.169459992,1.911571865
0.022361391,1.852110154,3.514222865
-0.245361609,3.269510667,4.886462186
-0.535917902,4.341334808,5.945457903
-0.800150544,5.059042117,6.643389232
-1.004875348,5.508688472,7.024631864
-1.136792131,5.775215366,7.200163081
-1.2123794,5.977430419,7.331015443
-1.246938623,6.165277376,7.475391141
-1.262489915,6.322056536,7.598241342
-1.27716747,6.424718316,7.670440959
-1.290552055,6.509331184,7.733975613
-1.294714959,6.591642119,7.799215883
-1.292001903,6.61675399,7.788223072
-1.280104853,6.474255845,7.576835002
-1.23061207,6.045425815,7.057311875
-1.103028571,5.244804925,6.164924854
-0.870164339,3.993711484,4.849136898
-0.545142613,2.26937767,3.144324314
-0.207759848,0.317119899,1.330855894
0.111298854,-1.71497504,-0.465419213
0.416975008,-3.703507215,-2.159377555
0.696823215,-5.497797834,-3.650981192
0.918186304,-6.880296543,-4.803073034
1.077267201,-7.77582699,-5.555229203
1.115069584,-7.889264418,-5.598767676
0.990869523,-7.004984856,-4.707796546
0.760268833,-5.296889867,-3.081149224
0.472155095,-3.121882233,-1.034003918
0.136320333,-1.009114779,0.987327654
-0.198100645,0.792493692,2.683222743
-0.453410613,2.383930169,4.040992409
-0.634947024,3.774080147,5.115936726
-0.805349803,4.75765457,5.86516943
-0.968654412,5.378740392,6.350860902
-1.090797751,5.80844845,6.696851919
-1.164716555,6.119993223,6.957640607
-1.212568842,6.346520285,7.141188149
-1.244802553,6.509980801,7.258059042
-1.262167265,6.634060706,7.346116155
-1.270826223,6.738823659,7.437238907
-1.281070281,6.773771757,7.474368897
-1.295214873,6.623609119,7.315255679
-1.296928428,6.200227515,6.861683344
-1.261039912,5.412707406,6.032514314
-1.169774883,4.141055912,4.739341256
-1.015658035,2.469164672,3.112671716
-0.770850131,0.547779745,1.323135506
-0.420997409,-1.552360158,-0.546658885
-0.064229496,-3.590326886,-2.277725965
0.227813854,-5.479091251,-3.837493207
0.469174717,-7.100702674,-5.207877526
0.684898253,-8.212817164,-6.222751134
0.810428196,-8.494832285,-6.506647679
0.794407283,-7.803097896,-5.839057183
0.645412709,-6.156132112,-4.25644676
0.409228901,-3.99426143,-2.200905063
0.132909531,-1.89833691,-0.185198494
-0.169376639,0.07878397,1.759754966
-0.450597818,1.776597731,3.438522544
-0.697925145,3.107460689,4.742127638
-0.919159248,4.068444377,5.670694402
-1.104058842,4.735130605,6.286037695
-1.221809626,5.180210175,6.662344064
-1.295989425,5.544391954,6.952503696
-1.341776222,5.825009317,7.161374882
-1.373053114,6.001942863,7.272511262
-1.395699652,6.125992998,7.337523726
-1.406692168,6.219483377,7.384055232
-1.412977073,6.260815285,7.384495722
-1.422962985,6.133793598,7.2231643
-1.418303224,5.647128732,6.707921343
-1.36192542,4.620617459,5.66271547
-1.236217157,3.025705612,4.089702007
-1.048885959,1.003084158,2.179153747
-0.794147675,-1.304102351,0.102405981
-0.489361274,-3.52704146,-1.827052972
-0.153244995,-5.581271676,-3.577594819
0.175521605,-7.400026793,-5.097024483
0.447200122,-8.826516578,-6.223658004
0.622154658,-9.5907858,-6.745629844
0.710549826,-9.542886742,-6.589657487
0.690937689,-8.523298589,-5.636701974
0.560458656,-6.76106361,-4.065778946
0.363661243,-4.63190075,-2.178998568
0.130033619,-2.423674724,-0.180212011
-0.119237071,-0.386095292,1.728244685
-0.355462842,1.333331599,3.364730647
-0.585588646,2.732572954,4.704646799
-0.803451972,3.743430633,5.67783352
-0.976988398,4.430449419,6.315176716
-1.099161243,4.925994106,6.742579254
-1.187509948,5.299287454,7.056217468
-1.251092884,5.54663478,7.254034942
-1.305326192,5.731337798,7.373398509
-1.340550617,5.865818511,7.447242773
-1.361650403,5.983738864,7.520156567
-1.380410845,6.073634038,7.567612417
-1.402554394,6.123777783,7.572750812
-1.421338354,6.128750988,7.541703361
-1.430048227,6.018151036,7.401384875
-1.417706097,5.633148285,6.968008173
-1.354634375,4.811085084,6.078923864
-1.230506479,3.528417961,4.773471063
-1.064308052,1.795674704,3.129672051
-0.845488183,-0.410011219,1.145958696
-0.577145629,-2.699964679,-0.839026558
-0.27253039,-4.861385935,-2.670914146
0.05532692,-6.800477659,-4.330991844
0.386948128,-8.388309527,-5.739823798
0.645553616,-9.359886585,-6.61385512
0.787168144,-9.659309903,-6.885548297
0.796290635,-9.205953325,-6.508641975
0.674461422,-8.018751236,-5.457243853
0.445473539,-6.168156088,-3.748636019
0.169863438,-3.928017953,-1.65907501
-0.102524269,-1.682417112,0.437757156
-0.356823778,0.30767543,2.29375025
-0.59471605,2.051436181,3.885579108
-0.783297949,3.298831893,5.005705523
-0.947665137,4.188079256,5.827992305
-1.084851723,4.807016599,6.410011743
-1.18546792,5.234497093,6.791589717
-1.248415551,5.528097665,7.041620035
-1.287193141,5.746070787,7.223162762
-1.314548101,5.900435022,7.339316604
-1.338389283,6.009496767,7.412760291
-1.353911303,6.101274051,7.481632784
-1.361770984,6.17111617,7.530164036
-1.367038995,6.116858554,7.439807663
-1.359594536,5.780342138,7.045423968
-1.312885938,4.978471522,6.166709124
-1.208087937,3.556549245,4.680331686
-1.052565045,1.683688129,2.829099605
-0.840693268,-0.440656032,0.860755167
-0.560729188,-2.6920053,-1.107942871
-0.245871987,-4.806936564,-2.901092773
0.066688272,-6.724190725,-4.499614769
0.334697548,-8.371164669,-5.830144157
0.535683637,-9.614686017,-6.78685788
0.655716787,-10.16320856,-7.157517192
0.690016309,-9.719892318,-6.656202351
0.607403776,-8.136260197,-5.173743638
0.451424845,-5.951388167,-3.217827791
0.260560864,-3.601770947,-1.15319238
0.038848517,-1.23274356,0.963203426
-0.180482954,0.743232189,2.772356211
-0.381265218,2.21141444,4.119968669
-0.630682143,3.548444507,5.321540902
-0.841783544,4.338112328,6.00873457
-1.004155041,4.878838602,6.471400802
-1.102848451,5.297407649,6.832105324
-1.158738724,5.625007961,7.111374418
-1.195661509,5.840732462,7.277419562
-1.221716246,5.993310287,7.377688871
-1.234431797,6.125472006,7.463515148
-1.243993189,6.233559735,7.529590401
-1.261656623,6.297583497,7.550977622
-1.281449964,6.338348621,7.551715803
-1.291668185,6.384035894,7.573985055
-1.29860155,6.430739979,7.607516783
-1.31054606,6.449939799,7.607975524
-1.321437504,6.391842424,7.521596781
-1.31640052,6.131073113,7.230366487
-1.271517059,5.397297174,6.45054233
-1.160890482,4.029469617,5.036857341
-0.974835416,2.319884742,3.346231737
-0.67660496,0.448796989,1.595527537
-0.280403538,-1.517371529,-0.137516404
0.102689203,-3.546941929,-1.839978229
0.405070252,-5.466819444,-3.420243318
0.675676244,-7.257393831,-4.899033191
0.888021378,-8.677974016,-6.060471721
1.012708399,-9.541238744,-6.724276331
1.053384336,-9.590713791,-6.671989895
0.971434787,-8.685124176,-5.751531666
0.729544455,-7.140483114,-4.219490158
0.416718027,-5.261544324,-2.411765361
0.15403463,-3.175533416,-0.504923727
-0.061844615,-1.058898077,1.393476002
-0.267651754,0.732145092,3.004393687
-0.460200967,2.224604699,4.318294647
-0.630765496,3.413649861,5.350746963
-0.789479978,4.270607832,6.112752648
-0.932122308,4.851208812,6.619839809
-1.044212387,5.173853034,6.869703763
-1.115779123,5.272819873,6.925807043
-1.16285857,5.275619569,6.910322439
-1.190064763,5.294074651,6.909565692
-1.206765943,5.396052883,6.984174508
-1.221320005,5.550676964,7.11220153
-1.236085982,5.600776514,7.13284432
-1.239848132,5.292146037,6.773088478
-1.208831823,4.451058146,5.867761345
-1.122310706,2.979384597,4.361670291
-0.95577663,1.000254961,2.417014418
-0.694656871,-1.113482996,0.398288358
-0.35760402,-3.181362778,-1.523898489
0.005722259,-5.182180975,-3.322384169
0.324420118,-6.982875476,-4.877196233
0.545378029,-8.421475632,-6.037736492
0.663049252,-9.425513166,-6.751846042
0.71076805,-9.849851765,-6.97452705
0.707242139,-9.448661836,-6.555925295
0.622342261,-8.203963686,-5.415999537
0.467483867,-6.608815461,-3.938181736
0.383838498,-5.857305387,-3.23526198
